id;nombre;telefono;correo;posicion
1;Arkansas reciprocal;Mountain Malaysia supply-chains;Borders hack;Pants
2;Tasty navigate didactic;payment schemas Industrial;calculating;withdrawal Toys white
3;olive;Kids Incredible;Florida THX Idaho;Licensed Visionary pixel
4;neural Markets Branding;maroon;superstructure;Kids
5;microchip;Music Salad North Carolina;circuit Forward;frictionless solution-oriented
6;distributed Computers;Money Market Account users Guinea;SQL lavender;transmit Wooden COM
7;Agent Squares;supply-chains;Bedfordshire;Peru withdrawal Down-sized
8;invoice;Liaison Tonga;Lari;Sports Global Soft
9;Bedfordshire Awesome Cotton Tuna;calculating yellow;Wooden;Future
10;pixel Phased payment;Towels Internal;seize generate;Fantastic Wooden Chips microchip
